<?xml version="1.0" encoding="UTF-8"?>
<project-private xmlns="http://www.netbeans.org/ns/project-private/1">
    <editor-bookmarks xmlns="http://www.netbeans.org/ns/editor-bookmarks/2" lastBookmarkId="0"/>
    <open-files xmlns="http://www.netbeans.org/ns/projectui-open-files/2">
        <group>
            <file>file:/E:/SlIIT/Year%202/Semester%201/Myprog/Java%20netb/project/src/project/login.java</file>
            <file>file:/E:/SlIIT/Year%202/Semester%201/Myprog/Java%20netb/project/src/project/Admin.java</file>
            <file>file:/E:/SlIIT/Year%202/Semester%201/Myprog/Java%20netb/project/src/mycode/DBconnect.java</file>
        </group>
    </open-files>
</project-private>
